type_pre,type_post,weight
AVLP076,AVLP078,9
AVLP076,AVLP080,26
AVLP076,AVLP166,24
AVLP076,AVLP369,3
AVLP076,AVLP442,3
AVLP076,AVLP498,5
AVLP076,AVLP506,5
AVLP076,CL256,7
AVLP076,CL266_a,2
AVLP076,DNa02,4
AVLP076,DNp09,12
AVLP076,LAL053,2
AVLP076,PVLP010,2
AVLP076,PVLP015,3
AVLP076,PVLP062,14
AVLP076,PVLP076,7
AVLP076,PVLP114,19
AVLP076,PVLP131,2
AVLP076,PVLP150,3
AVLP078,AVLP498,2
AVLP078,CL277,6
AVLP078,DNp09,19
AVLP078,PVLP010,12
AVLP078,PVLP131,102
AVLP080,AVLP076,21
AVLP080,AVLP078,16
AVLP080,AVLP166,38
AVLP080,AVLP215,2
AVLP080,AVLP369,2
AVLP080,AVLP442,6
AVLP080,AVLP498,6
AVLP080,AVLP506,10
AVLP080,CL256,3
AVLP080,DNp09,11
AVLP080,PVLP010,2
AVLP080,PVLP062,36
AVLP080,PVLP076,29
AVLP080,PVLP114,10
AVLP080,PVLP150,19
AVLP153,AVLP076,14
AVLP153,AVLP078,12
AVLP153,AVLP080,9
AVLP153,AVLP506,13
AVLP166,AVLP076,36
AVLP166,AVLP215,10
AVLP166,AVLP369,2
AVLP166,CL256,2
AVLP166,DNp09,67
AVLP215,AVLP076,7
AVLP215,AVLP080,3
AVLP215,AVLP166,53
AVLP215,AVLP369,3
AVLP215,AVLP442,4
AVLP215,AVLP506,21
AVLP215,CL256,17
AVLP215,DNp09,15
AVLP369,AVLP078,2
AVLP369,DNp09,68
AVLP369,LAL054,8
AVLP369,PVLP004,8
AVLP369,PVLP015,7
AVLP409,AVLP080,9
AVLP442,AVLP369,2
AVLP442,AVLP498,3
AVLP442,CL266_a,2
AVLP442,DNp09,17
AVLP442,PVLP010,17
AVLP442,PVLP015,2
AVLP479,AVLP078,2
AVLP479,AVLP080,28
AVLP479,AVLP166,2
AVLP479,AVLP215,54
AVLP479,AVLP369,19
AVLP479,AVLP442,12
AVLP479,LAL053,4
AVLP479,PVLP010,4
AVLP479,PVLP150,5
AVLP498,AVLP076,2
AVLP498,AVLP078,2
AVLP498,AVLP080,3
AVLP498,AVLP442,2
AVLP498,DNb01,30
AVLP498,DNp09,6
AVLP498,LAL054,2
AVLP498,PVLP015,42
AVLP498,PVLP114,7
AVLP498,PVLP131,2
AVLP506,AVLP076,45
AVLP506,AVLP166,31
AVLP506,AVLP215,10
AVLP506,AVLP369,37
AVLP506,DNp09,29
AVLP537,AVLP076,2
AVLP537,AVLP078,57
AVLP537,AVLP498,2
AVLP537,AVLP506,7
AVLP537,LAL136_a,2
AVLP537,PVLP076,3
AVLP537,PVLP150,2
AVLP538,AVLP076,36
AVLP538,AVLP078,69
AVLP538,AVLP080,40
AVLP538,AVLP166,40
AVLP538,AVLP215,5
AVLP538,AVLP369,17
AVLP538,AVLP442,5
AVLP538,AVLP498,22
AVLP538,AVLP506,3
AVLP538,CL256,9
AVLP538,CL266_a,7
AVLP538,CL277,31
AVLP538,DNp09,14
AVLP538,LAL053,11
AVLP538,LAL054,7
AVLP538,LAL136_a,9
AVLP538,LAL136_b,5
AVLP538,LT82a,13
AVLP538,OA-VUMa1,21
AVLP538,PVLP004,43
AVLP538,PVLP010,11
AVLP538,PVLP015,9
AVLP538,PVLP076,16
AVLP538,PVLP114,16
AVLP538,PVLP131,101
AVLP538,PVLP150,14
AVLP552,AVLP498,2
AVLP552,CL266_a,10
AVLP552,CL277,6
AVLP552,LAL054,2
AVLP552,PVLP062,17
CL053,DNb01,9
CL053,DNp07,14
CL053,DNp09,3
CL053,OA-VUMa1,10
CL053,PLP249,31
CL053,PVLP004,7
CL053,WED075,17
CL256,AVLP076,22
CL256,AVLP080,6
CL256,AVLP166,34
CL256,AVLP215,5
CL256,AVLP498,2
CL256,CL266_a,8
CL256,DNp09,13
CL266_a,AVLP076,5
CL266_a,DNp09,12
CL266_a,PVLP010,8
CL266_a,PVLP076,2
CL277,AVLP442,2
CL277,CL266_a,7
CL277,DNp09,15
CL277,LAL054,3
CL277,PVLP015,4
CL277,PVLP131,8
LAL053,DNa01,4
LAL053,DNa02,20
LAL053,DNa03,86
LAL053,DNb01,28
LAL053,LAL054,2
LAL054,DNa02,21
LAL054,DNa03,9
LAL054,DNb01,28
LAL054,OA-VUMa1,4
LAL136_a,AVLP080,2
LAL136_a,DNa02,11
LAL136_a,DNa03,3
LAL136_a,DNa04,58
LAL136_a,DNb01,17
LAL136_a,LAL136_b,3
LAL136_b,DNa02,2
LAL136_b,DNa03,2
LAL136_b,DNa04,18
LAL136_b,LAL136_a,7
LLPC2c,DNa02,9
LLPC2c,DNa04,83
LLPC2c,DNb01,11
LLPC2c,OA-VUMa1,2
LLPC2c,PLP018,13
LLPC2c,PLP249,110
LT82a,AVLP078,2
LT82a,AVLP080,6
LT82a,DNa02,13
LT82a,DNb01,4
LT82a,LAL053,49
LT82a,LAL054,5
LT82a,LAL136_a,13
LT82a,LAL136_b,5
LT82a,OA-VUMa1,4
LT82a,PVLP004,10
LT82a,PVLP015,10
LT82a,PVLP076,2
LT82a,PVLP114,45
LT82a,PVLP131,11
LT82a,PVLP150,40
OA-VUMa1,AVLP080,6
OA-VUMa1,CL053,2
OA-VUMa1,DNa01,17
OA-VUMa1,DNa02,8
OA-VUMa1,DNa03,16
OA-VUMa1,DNb01,22
OA-VUMa1,DNp07,2
OA-VUMa1,LAL053,2
OA-VUMa1,LAL054,11
OA-VUMa1,LAL136_a,17
OA-VUMa1,LAL136_b,10
OA-VUMa1,LT82a,11
OA-VUMa1,PLP018,5
OA-VUMa1,PLP249,5
OA-VUMa1,PVLP004,38
OA-VUMa1,PVLP015,7
OA-VUMa1,PVLP114,4
OA-VUMa1,PVLP150,3
PLP018,AVLP076,2
PLP018,DNa02,4
PLP018,DNa04,9
PLP018,DNb01,9
PLP018,DNp09,65
PLP018,LAL053,42
PLP018,LAL054,15
PLP018,LAL136_a,7
PLP018,PLP249,111
PLP018,PVLP010,2
PLP018,PVLP015,737
PLP018,PVLP131,2
PLP018,PVLP150,82
PLP018,WED075,2
PLP249,DNa03,14
PLP249,LAL136_a,17
PLP249,LAL136_b,44
PLP249,PLP018,214
PLP249,PVLP004,36
PLP249,PVLP015,2
PLP249,PVLP076,2
PPM1203,AVLP076,24
PPM1203,AVLP078,37
PPM1203,AVLP080,15
PPM1203,AVLP166,2
PPM1203,AVLP369,3
PPM1203,AVLP442,9
PPM1203,AVLP498,5
PPM1203,AVLP506,6
PPM1203,CL256,2
PPM1203,CL277,4
PPM1203,LAL053,2
PPM1203,LAL136_a,2
PPM1203,PVLP010,41
PPM1203,PVLP076,11
PPM1203,PVLP131,44
PPM1203,PVLP150,2
PVLP004,DNp09,57
PVLP004,LAL054,83
PVLP004,OA-VUMa1,6
PVLP004,PVLP015,107
PVLP004,PVLP076,3
PVLP004,PVLP114,5
PVLP004,PVLP131,2
PVLP004,PVLP150,6
PVLP010,AVLP078,5
PVLP010,AVLP080,5
PVLP010,DNp09,33
PVLP010,LAL053,3
PVLP010,PLP018,7
PVLP010,PVLP062,24
PVLP010,PVLP076,153
PVLP010,PVLP100,2
PVLP010,PVLP131,5
PVLP011,AVLP080,11
PVLP011,CL053,10
PVLP011,DNa04,2
PVLP011,DNp09,6
PVLP011,LAL136_a,31
PVLP011,LAL136_b,15
PVLP011,LLPC2c,72
PVLP011,PLP018,292
PVLP011,PLP249,108
PVLP011,PVLP010,6
PVLP011,PVLP015,102
PVLP011,PVLP076,28
PVLP011,PVLP150,4
PVLP011,WED075,13
PVLP015,AVLP078,2
PVLP015,AVLP442,4
PVLP015,DNb01,90
PVLP015,DNp07,5
PVLP015,LAL053,18
PVLP015,LAL054,4
PVLP015,OA-VUMa1,2
PVLP015,PLP018,6
PVLP015,PLP249,2
PVLP015,PVLP004,4
PVLP015,PVLP062,2
PVLP015,PVLP114,71
PVLP015,PVLP131,2
PVLP015,PVLP150,3
PVLP018,AVLP080,12
PVLP018,AVLP506,2
PVLP018,PVLP015,5
PVLP018,PVLP062,2
PVLP018,PVLP076,16
PVLP018,PVLP150,24
PVLP036,AVLP080,5
PVLP061,AVLP078,35
PVLP061,AVLP080,112
PVLP061,AVLP442,12
PVLP061,AVLP498,43
PVLP061,AVLP506,7
PVLP061,CL256,12
PVLP061,PVLP004,4
PVLP061,PVLP015,6
PVLP061,PVLP150,34
PVLP062,AVLP076,5
PVLP062,DNb01,11
PVLP062,DNp09,9
PVLP062,PLP018,2
PVLP062,PVLP010,16
PVLP062,PVLP015,2
PVLP062,PVLP131,4
PVLP071,AVLP076,19
PVLP071,AVLP442,33
PVLP071,AVLP498,10
PVLP071,CL266_a,10
PVLP071,LAL053,4
PVLP071,LAL136_b,2
PVLP071,PVLP004,6
PVLP071,PVLP010,2
PVLP071,PVLP015,25
PVLP071,PVLP114,5
PVLP072,AVLP076,2
PVLP072,AVLP078,17
PVLP072,AVLP080,7
PVLP072,AVLP166,2
PVLP072,AVLP442,75
PVLP072,AVLP498,5
PVLP073,AVLP076,2
PVLP073,AVLP078,18
PVLP073,AVLP080,2
PVLP073,PVLP131,16
PVLP073,PVLP150,2
PVLP075,AVLP076,31
PVLP075,AVLP078,3
PVLP075,AVLP080,12
PVLP075,AVLP166,4
PVLP075,AVLP498,3
PVLP075,AVLP506,15
PVLP075,CL256,8
PVLP075,PVLP076,7
PVLP075,PVLP131,11
PVLP076,AVLP076,5
PVLP076,AVLP078,28
PVLP076,AVLP080,40
PVLP076,AVLP442,4
PVLP076,AVLP498,2
PVLP076,CL053,30
PVLP076,DNp09,39
PVLP076,LAL053,2
PVLP076,LAL136_a,2
PVLP076,LAL136_b,4
PVLP076,PVLP004,22
PVLP076,PVLP010,60
PVLP076,PVLP015,4
PVLP076,PVLP062,14
PVLP076,PVLP100,6
PVLP076,PVLP150,15
PVLP100,DNp07,13
PVLP100,LT82a,2
PVLP100,PVLP076,2
PVLP106,AVLP080,15
PVLP106,AVLP498,2
PVLP106,PVLP010,17
PVLP106,PVLP100,19
PVLP114,DNa02,5
PVLP114,DNa03,16
PVLP114,DNa04,19
PVLP114,OA-VUMa1,2
PVLP120,AVLP076,31
PVLP120,AVLP078,33
PVLP120,AVLP080,94
PVLP120,CL053,2
PVLP120,LAL053,2
PVLP120,OA-VUMa1,2
PVLP120,PVLP015,5
PVLP120,PVLP076,2
PVLP131,AVLP166,30
PVLP131,AVLP369,4
PVLP131,AVLP498,11
PVLP131,CL277,50
PVLP131,DNp09,31
PVLP131,PVLP062,2
PVLP131,PVLP076,3
PVLP131,PVLP150,6
PVLP135,AVLP076,20
PVLP135,AVLP078,68
PVLP135,AVLP080,213
PVLP135,PVLP010,5
PVLP135,PVLP114,2
PVLP135,PVLP150,53
PVLP150,AVLP078,8
PVLP150,AVLP080,5
PVLP150,DNp09,44
PVLP150,LAL053,85
PVLP150,LAL054,66
PVLP150,LAL136_b,4
PVLP150,OA-VUMa1,9
PVLP150,PVLP004,5
PVLP150,PVLP015,230
PVLP150,PVLP062,2
WED075,CL053,11
WED075,DNa04,87
WED075,DNb01,9
WED075,LAL136_a,7
WED075,LAL136_b,2
WED075,PLP018,48
WED075,PLP249,107
WED075,PVLP150,11
